Institute ID,Name,City,State,Score,TLR,RPC,GO,OI,PERCEPTION,Year,Year_rank
IR-O-U-0220,Indian Institute of Science,Bengaluru,Karnataka,82.67,79.13,91.48,78.23,58.39,100.0,2021,1
IR-O-U-0109,Jawaharlal Nehru University,New Delhi,Delhi,67.99,71.19,44.96,95.07,73.36,67.88,2021,2
IR-O-U-0500,Banaras Hindu University,Varanasi,Uttar Pradesh,64.02,64.5,45.0,100.0,53.13,58.57,2021,3
IR-O-U-0570,Calcutta University,Kolkata,West Bengal,62.06,66.2,43.92,91.72,60.98,45.77,2021,4
IR-O-U-0436,Amrita Vishwa Vidyapeetham,Coimbatore,Tamil Nadu,61.23,64.23,54.33,71.35,65.54,48.36,2021,5
IR-O-U-0108,Jamia Millia Islamia,New Delhi,Delhi,60.74,66.44,43.43,86.67,72.35,32.17,2021,6
IR-O-U-0234,Manipal Academy of Higher Education,Manipal,Karnataka,60.58,67.68,48.17,76.05,65.25,40.93,2021,7
IR-O-U-0575,Jadavpur University,Kolkata,West Bengal,60.33,51.7,51.72,87.77,50.16,67.31,2021,8
IR-O-U-0042,University of Hyderabad,Hyderabad,Telangana,59.71,69.59,40.74,77.44,58.72,52.49,2021,9
IR-O-U-0496,Aligarh Muslim University,Aligarh,Uttar Pradesh,58.97,69.06,40.86,80.06,56.93,42.9,2021,10
IR-O-U-0323,Savitribai Phule Pune University,Pune,Maharashtra,58.34,62.95,42.77,86.96,50.92,41.49,2021,11
IR-O-U-0120,University of Delhi,Delhi,Delhi,57.09,42.65,54.23,82.66,59.6,55.37,2021,12
IR-O-U-0490,Vellore Institute of Technology,Vellore,Tamil Nadu,56.63,48.43,56.83,69.94,59.38,51.16,2021,13
IR-O-U-0447,Bharathiar University,Coimbatore,Tamil Nadu,56.44,61.79,47.45,74.17,53.21,35.22,2021,14
IR-O-U-0308,Institute of Chemical Technology,Mumbai,Maharashtra,56.1,50.05,55.82,75.96,46.07,45.43,2021,15
IR-O-U-0439,Anna University,Chennai,Tamil Nadu,54.97,51.91,43.09,73.11,51.35,67.2,2021,16
IR-O-U-0391,Birla Institute of Technology & Science -Pilani,Pilani,Rajasthan,54.74,55.81,43.13,72.05,59.5,46.97,2021,17
IR-O-U-0304,Homi Bhabha National Institute,Mumbai,Maharashtra,53.24,68.64,36.45,65.98,50.79,34.35,2021,18
IR-O-U-0235,Mysore University,Mysuru,Karnataka,52.68,68.77,18.79,90.54,54.24,28.8,2021,19
IR-O-U-0363,Siksha `O` Anusandhan,Bhubaneswar,Odisha,52.34,63.89,29.92,71.34,65.89,33.3,2021,20
IR-O-U-0356,Kalinga Institute of Industrial Technology,Bhubaneswar,Odisha,52.06,62.4,27.78,70.0,78.43,31.74,2021,21
IR-O-U-0476,Shanmugha Arts Science Technology & Research Academy,Thanjavur,Tamil Nadu,51.83,58.58,38.28,66.3,57.78,37.34,2021,22
IR-O-U-0078,Panjab University,Chandigarh,Chandigarh,51.59,48.88,40.86,71.57,53.49,50.12,2021,23
IR-O-U-0006,"Andhra University, Visakhapatnam",Visakhapatnam,Andhra Pradesh,51.1,55.04,25.59,85.84,54.46,42.86,2021,24
IR-O-U-0497,Amity University,Gautam Budh Nagar,Uttar Pradesh,50.9,48.98,43.27,67.55,64.66,32.53,2021,25
IR-O-I-1480,Thapar Institute of Engineering and Technology,Patiala,Punjab,50.65,50.44,42.26,67.3,56.35,37.52,2021,26
IR-O-U-0260,Kerala University,Thiruvananthapuram,Kerala,50.52,64.77,19.93,89.11,51.53,21.44,2021,27
IR-O-I-1357,University of Madras,Chennai,Tamil Nadu,50.46,61.35,31.82,66.43,53.88,38.17,2021,28
IR-O-I-1441,Saveetha Institute of Medical and Technical Sciences,Chennai,Tamil Nadu,50.36,61.78,34.28,64.91,65.99,19.52,2021,29
IR-O-U-0473,S.R.M. Institute of Science and Technology,Chennai,Tamil Nadu,49.98,49.93,39.07,68.47,58.6,37.34,2021,30
IR-O-U-0262,Mahatma Gandhi University,Kottayam,Kerala,49.3,59.27,34.73,68.77,52.55,20.97,2021,31
IR-O-U-0027,Osmania University,Hyderabad,Telangana,49.16,52.04,28.16,79.86,51.62,39.67,2021,32
IR-O-U-0435,Alagappa University,Karaikudi,Tamil Nadu,49.09,58.71,27.32,67.45,51.68,46.34,2021,33
IR-O-U-0222,JSS Academy of Higher Education and Research,Mysuru,Karnataka,48.79,63.04,19.39,66.7,70.04,37.19,2021,34
IR-O-U-0389,Banasthali Vidyapith,Banasthali,Rajasthan,48.57,54.19,14.23,83.55,75.99,37.34,2021,35
IR-O-U-0020,Koneru Lakshmaiah Education Foundation University (K L College of Engineering),Vaddeswaram,Andhra Pradesh,48.57,58.89,30.78,64.62,55.99,31.52,2021,35
IR-O-U-0331,Tata Institute of Social Sciences,Mumbai,Maharashtra,48.37,61.2,12.32,77.33,72.28,36.09,2021,37
IR-O-U-0329,Symbiosis International,Pune,Maharashtra,48.22,61.83,18.5,64.52,72.16,40.04,2021,38
IR-O-U-0523,King George`s Medical University,Lucknow,Uttar Pradesh,48.21,64.39,27.23,62.97,57.57,23.67,2021,39
IR-O-U-0474,Sathyabama Institute of Science and Technology,Chennai,Tamil Nadu,48.17,54.06,34.0,64.82,64.68,23.23,2021,40
IR-O-U-0107,Jamia Hamdard,New Delhi,Delhi,48.02,57.82,27.62,69.75,60.64,23.67,2021,41
IR-O-U-0098,Delhi Technological University,New Delhi,Delhi,48.01,54.52,29.82,65.95,59.25,36.07,2021,42
IR-O-U-0136,Gujarat University,Ahmedabad,Gujarat,47.6,64.76,15.7,81.28,56.13,15.9,2021,43
IR-O-U-0253,Cochin University of Science and Technology,Cochin,Kerala,47.37,54.37,29.63,70.28,52.7,28.41,2021,44
IR-O-U-0052,Gauhati University,Guwahati,Assam,47.35,55.17,19.05,83.56,58.4,25.34,2021,45
IR-O-U-0056,Tezpur University,Tezpur,Assam,47.27,58.32,30.02,61.65,52.17,32.14,2021,46
IR-O-I-1486,Sri Ramachandra Institute of Higher Education and Research,Chennai,Tamil Nadu,47.17,64.83,18.35,61.13,64.73,35.23,2021,47
IR-O-U-0196,University of Kashmir,Srinagar,Jammu and Kashmir,46.97,60.49,19.51,77.03,50.12,25.52,2021,48
IR-O-I-1110,Dr. D. Y. Patil Vidyapeeth,Pune,Maharashtra,46.74,65.15,14.45,63.29,61.56,40.41,2021,49
IR-O-U-0458,Kalasalingam Academy of Research and Higher Education,Srivilliputtur,Tamil Nadu,46.52,56.74,21.81,65.2,73.06,26.14,2021,50
IR-O-U-0446,Bharath Institute of Higher Education & Research,Chennai,Tamil Nadu,46.44,55.4,24.41,67.59,67.94,21.9,2021,51
IR-O-U-0747,Chandigarh University,Mohali,Punjab,46.15,57.48,14.24,63.4,75.44,44.23,2021,52
IR-O-U-0376,Guru Nanak Dev University,Amritsar,Punjab,45.67,40.78,28.63,76.11,53.77,42.52,2021,53
IR-O-U-0037,Sri Venkateswara University,Tirupati,Andhra Pradesh,45.61,51.21,19.87,79.19,50.61,33.9,2021,54
IR-O-N-10,SVKM`s Narsee Monjee Institute of Management Studies,Mumbai,Maharashtra,45.44,63.31,14.77,63.13,60.92,32.97,2021,55
IR-O-U-0642,Shiv Nadar University,Dadri,Uttar Pradesh,45.0,59.5,19.37,63.5,59.14,27.3,2021,56
IR-O-U-0448,Bharathidasan University,Tiruchirappalli,Tamil Nadu,44.63,54.74,29.92,53.67,47.8,37.19,2021,57
IR-O-U-0369,Pondicherry University,Puducherry,Pondicherry,44.36,39.94,30.1,72.4,58.18,30.52,2021,58
IR-O-U-0341,North Eastern Hill University,Shillong,Meghalaya,44.24,55.53,16.31,74.61,51.63,26.14,2021,59
IR-O-U-0251,Calicut University,Malappuram,Kerala,44.13,63.32,16.64,63.32,54.77,20.01,2021,60
IR-O-U-0295,Datta Meghe Institute of Medical Sciences,Wardha,Maharashtra,44.05,64.06,10.35,60.07,66.19,31.02,2021,61
IR-O-U-0379,Lovely Professional University,Phagwara,Punjab,43.33,47.55,27.51,63.87,65.97,14.49,2021,62
IR-O-U-0463,Madurai Kamaraj University,Madurai,Tamil Nadu,43.32,61.71,24.77,57.68,48.43,10.04,2021,63
IR-O-U-0589,Visva Bharati,Santiniketan,West Bengal,42.76,49.51,26.16,73.81,36.58,16.35,2021,64
IR-O-U-0498,Babasheb Bhimrao Ambedkar University,Lucknow,Uttar Pradesh,42.63,47.93,15.81,71.24,71.6,20.97,2021,65
IR-O-U-0195,University of Jammu,Jammu,Jammu and Kashmir,42.52,49.65,17.53,72.91,45.77,32.01,2021,66
IR-O-U-0011,Gandhi Institute of Technology and Management,Visakhapatnam,Andhra Pradesh,42.13,49.3,14.93,69.39,56.83,32.97,2021,67
IR-O-I-1361,Bharati Vidyapeeth,Pune,Maharashtra,42.1,54.05,11.21,65.27,56.98,37.74,2021,68
IR-O-U-0215,Bangalore University,Bangalore,Karnataka,41.98,53.29,16.54,65.15,57.16,22.8,2021,69
IR-O-U-0464,Manonmaniam Sundaranar University,Tirunelveli,Tamil Nadu,41.67,55.3,19.43,59.29,50.68,23.23,2021,70
IR-O-U-0318,Mumbai University,Mumbai,Maharashtra,41.56,49.58,19.08,78.35,47.78,5.23,2021,71
IR-O-U-0321,"Padmashree Dr. D. Y. Patil Vidyapeeth, Mumbai",Mumbai,Maharashtra,41.47,63.3,3.49,63.55,62.15,25.02,2021,72
IR-O-U-0147,Pandit Deendayal Petroleum University,Gandhinagar,Gujarat,41.38,56.94,15.43,61.13,49.4,25.02,2021,73
IR-O-U-0470,Periyar University,Salem,Tamil Nadu,41.38,51.4,22.43,60.04,52.69,19.52,2021,73
IR-O-U-0444,Avinashilingam Institute for Home Science & Higher Education for Women,Coimbatore,Tamil Nadu,41.24,61.3,3.62,64.37,58.87,30.09,2021,75
IR-O-U-0298,Dr. Babasaheb Ambedkar Marathwada University,Aurangabad,Maharashtra,41.14,41.21,13.84,84.71,55.89,20.97,2021,76
IR-O-U-0239,NITTE,Mangaluru,Karnataka,41.04,60.34,7.25,57.87,67.37,24.51,2021,77
IR-O-I-1280,Maharshi Dayanand University,Rohtak,Haryana,41.03,47.73,16.05,69.91,51.65,27.44,2021,78
IR-O-U-0099,Guru Gobind Singh Indraprastha University,New Delhi,Delhi,40.79,48.12,22.64,64.22,52.45,14.81,2021,79
IR-O-U-0370,Sri Balaji Vidyapeeth Mahatma Gandhi Medical College Campus,Puducherry,Pondicherry,40.42,60.99,8.04,51.9,73.35,20.01,2021,80
IR-O-U-0232,Kuvempu University,Shimoga,Karnataka,40.4,50.59,14.06,70.94,50.1,18.0,2021,81
IR-O-U-0249,Visvesvaraya Technological University,Belgaum,Karnataka,40.37,53.4,21.81,60.13,53.42,4.35,2021,82
IR-O-U-0014,International Institute of Information Technology Hyderabad,Hyderabad,Telangana,40.2,41.22,30.31,51.98,52.25,31.19,2021,83
IR-O-U-0372,Central University of Punjab,Bathinda,Punjab,39.99,51.13,17.39,53.26,62.1,25.74,2021,84
IR-O-U-0569,The University of Burdwan,Bardhaman,West Bengal,39.98,43.91,19.82,69.71,49.16,20.01,2021,85
IR-O-U-0202,Birla Institute of Technology,Ranchi,Jharkhand,39.86,47.86,26.71,54.55,50.95,14.81,2021,86
IR-O-U-0366,Utkal University,Bhubaneswar,Odisha,39.8,41.99,13.78,72.66,50.52,34.8,2021,87
IR-O-U-0162,Guru Jambheshwar University of Science and Technology,Hisar,Haryana,39.66,54.01,15.61,56.44,47.85,26.97,2021,88
IR-O-U-0190,Shoolini University of Biotechnology and Management Sciences,Solan,Himachal Pradesh,39.53,43.21,23.06,64.69,54.6,12.52,2021,89
IR-O-U-0143,Maharaja Sayajirao University of Baroda,Vadodara,Gujarat,39.48,43.8,14.83,68.44,58.31,23.67,2021,90
IR-O-U-0225,KLE Academy of Higher Education and Research,Belagavi,Karnataka,39.44,57.64,9.98,49.27,61.36,31.74,2021,91
IR-O-U-0451,Chettinad Academy of Research and Education,"Kelambakkam, Chengalpattu District",Tamil Nadu,39.26,61.18,6.64,56.44,57.3,19.02,2021,92
IR-O-U-0050,Assam University,Silchar,Assam,39.21,52.68,13.32,63.79,48.04,18.51,2021,93
IR-O-U-0507,Dayalbagh Educational Institute,Agra,Uttar Pradesh,39.06,50.8,4.09,67.06,63.36,28.35,2021,94
IR-O-U-0744,Ashoka University,Sonepat,Haryana,39.02,57.91,3.2,60.0,76.49,10.41,2021,95
IR-O-U-0121,Goa University,Goa,Goa,38.96,48.86,15.05,60.91,55.96,20.01,2021,96
IR-O-U-0043,"Vignan's Foundation for Science, Technology and Research",Guntur,Andhra Pradesh,38.92,49.4,15.25,60.65,56.03,18.0,2021,97
IR-O-U-0555,Graphic Era University,Dehradun,Uttarakhand,38.91,47.99,9.74,60.76,62.23,32.17,2021,98
IR-O-U-0223,"Jain university, Bangalore",Bengluru,Karnataka,38.89,39.29,12.72,73.89,59.54,25.52,2021,99
IR-O-U-0564,University of Petroleum and Energy Studies,Dehradun,Uttarakhand,38.88,46.46,15.08,60.13,61.98,21.9,2021,100
IR-O-U-0220,Indian Institute of Science,Bengaluru,Karnataka,84.18,82.22,92.16,82.89,52.84,100.0,2020,1
IR-O-U-0109,Jawaharlal Nehru University,New Delhi,Delhi,70.16,74.98,44.8,100.0,75.1,67.24,2020,2
IR-O-U-0500,Banaras Hindu University,Varanasi,Uttar Pradesh,63.15,70.91,44.89,85.65,58.76,53.99,2020,3
IR-O-U-0436,Amrita Vishwa Vidyapeetham,Coimbatore,Tamil Nadu,62.27,69.65,52.11,73.66,65.83,44.33,2020,4
IR-O-U-0575,Jadavpur University,Kolkata,West Bengal,61.99,53.38,52.96,90.39,48.67,71.44,2020,5
IR-O-U-0042,University of Hyderabad,Hyderabad,Telangana,61.7,71.15,42.93,81.18,54.01,58.32,2020,6
IR-O-U-0570,Calcutta University,Kolkata,West Bengal,61.53,59.26,48.58,91.03,61.66,47.99,2020,7
IR-O-U-0234,Manipal Academy of Higher Education,Manipal,Karnataka,61.51,75.44,42.62,75.36,66.21,43.95,2020,8
IR-O-U-0323,Savitribai Phule Pune University,Pune,Maharashtra,61.13,67.66,45.48,85.36,56.22,44.99,2020,9
IR-O-U-0108,Jamia Millia Islamia,New Delhi,Delhi,61.07,71.35,38.3,88.52,73.05,31.6,2020,10
IR-O-U-0120,University of Delhi,Delhi,Delhi,60.1,50.18,55.4,85.21,60.37,53.44,2020,11
IR-O-U-0439,Anna University,Chennai,Tamil Nadu,58.71,56.0,48.61,77.49,52.37,65.89,2020,12
IR-O-U-0447,Bharathiar University,Coimbatore,Tamil Nadu,58.3,67.47,46.47,75.58,52.82,37.18,2020,13
IR-O-U-0304,Homi Bhabha National Institute,Mumbai,Maharashtra,56.04,82.4,30.44,69.83,48.72,33.54,2020,14
IR-O-U-0391,Birla Institute of Technology & Science,Pilani,Rajasthan,55.79,62.76,40.72,72.48,60.97,41.37,2020,15
IR-O-U-0490,Vellore Institute of Technology,Vellore,Tamil Nadu,55.22,48.71,54.82,67.26,58.15,49.0,2020,16
IR-O-U-0496,Aligarh Muslim University,Aligarh,Uttar Pradesh,54.3,70.97,40.78,55.7,57.39,38.99,2020,17
IR-O-U-0308,Institute of Chemical Technology,Mumbai,Maharashtra,54.1,51.99,48.02,75.33,46.08,44.07,2020,18
IR-O-U-0006,Andhra University,Visakhapatnam,Andhra Pradesh,53.82,63.77,25.99,86.1,56.86,39.82,2020,19
IR-O-U-0363,Siksha `O` Anusandhan,Bhubaneswar,Odisha,53.1,72.43,25.73,71.13,63.78,30.4,2020,20
IR-O-U-0107,Jamia Hamdard,New Delhi,Delhi,52.6,69.79,28.48,73.16,61.71,23.16,2020,21
IR-O-I-1357,University of Madras,Chennai,Tamil Nadu,52.55,65.37,33.16,68.21,55.23,38.3,2020,22
IR-O-U-0260,Kerala University,Thiruvananthapuram,Kerala,52.35,73.76,19.03,86.0,51.56,21.54,2020,23
IR-O-U-0356,Kalinga Institute of Industrial Technology,Bhubaneswar,Odisha,52.33,67.82,22.59,72.25,76.16,31.3,2020,24
IR-O-U-0476,Shanmugha Arts Science Technology & Research Academy,Thanjavur,Tamil Nadu,52.22,63.86,35.91,65.46,57.76,34.2,2020,25
IR-O-U-0078,Panjab University,Chandigarh,Chandigarh,51.85,50.08,42.83,71.27,54.9,42.39,2020,26
IR-O-U-0235,Mysore University,Mysuru,Karnataka,51.84,62.99,19.55,92.51,54.45,31.3,2020,27
IR-O-I-1486,Sri Ramachandra Institute of Higher Education And Research,Chennai,Tamil Nadu,51.32,76.71,16.92,67.48,60.92,36.4,2020,28
IR-O-U-0027,Osmania University,Hyderabad,Telangana,51.15,55.95,25.56,86.42,55.22,39.0,2020,29
IR-O-U-0262,Mahatma Gandhi University,Kottayam,Kerala,50.93,69.15,30.32,71.21,46.6,21.87,2020,30
IR-O-I-1480,Thapar Institute of Engineering & Technology,Patiala,Punjab,50.65,56.99,38.79,65.75,55.71,31.88,2020,31
IR-O-U-0523,King George`s Medical University,Lucknow,Uttar Pradesh,50.45,77.94,26.47,61.22,44.84,24.1,2020,32
IR-O-U-0222,JSS Academy of Higher Education and Research,Mysuru,Karnataka,50.2,70.68,18.74,66.64,69.78,30.7,2020,33
IR-O-U-0331,Tata Institute of Social Sciences,Mumbai,Maharashtra,50.1,64.38,11.4,80.01,75.54,38.16,2020,34
IR-O-U-0473,S. R. M. Institute of Science and Technology,Chennai,Tamil Nadu,50.07,56.48,34.43,67.43,58.58,34.53,2020,35
IR-O-U-0435,Alagappa University,Karaikudi,Tamil Nadu,49.22,63.66,22.69,68.36,51.63,44.76,2020,36
IR-O-U-0497,Amity University Noida,Gautam Budh Nagar,Uttar Pradesh,49.02,50.79,37.48,66.42,62.52,30.1,2020,37
IR-O-U-0037,Sri Venkateswara University,Tirupati,Andhra Pradesh,48.84,61.83,21.53,76.24,48.81,37.0,2020,38
IR-O-U-0474,Sathyabama Institute of Science and Technology,Chennai,Tamil Nadu,48.77,60.75,30.41,65.23,64.31,19.47,2020,39
IR-O-U-0056,Tezpur University,Tezpur,Assam,48.77,62.03,30.34,63.23,49.21,34.88,2020,39
IR-O-U-0020,Koneru Lakshmaiah Education Foundation University,Vaddeswaram,Andhra Pradesh,48.73,65.54,24.52,64.0,55.66,33.54,2020,41
IR-O-I-1441,Saveetha Institute of Medical and Technical Sciences,Chennai,Tamil Nadu,48.56,65.8,24.29,64.87,66.51,19.11,2020,42
IR-O-U-0329,Symbiosis International,Pune,Maharashtra,48.35,70.05,14.11,63.35,72.57,31.82,2020,43
IR-O-U-0136,Gujarat University,Ahmedabad,Gujarat,48.21,68.05,13.4,83.9,55.67,14.18,2020,44
IR-O-U-0098,Delhi Technological University,New Delhi,Delhi,48.06,57.71,28.86,66.91,54.62,32.53,2020,45
IR-O-I-1110,Dr. D. Y. Patil Vidyapeeth,Pune,Maharashtra,47.92,75.2,9.71,63.68,63.64,33.54,2020,46
IR-O-U-0052,Gauhati University,Guwahati,Assam,47.1,59.87,17.04,81.09,55.87,22.2,2020,47
IR-O-U-0196,University of Kashmir,Srinagar,Jammu and Kashmir,46.99,60.25,18.51,79.14,49.47,25.82,2020,48
IR-O-U-0341,North Eastern Hill University,Shillong,Meghalaya,46.88,65.03,15.19,75.6,53.4,23.48,2020,49
IR-O-U-0589,Visva Bharati,Santiniketan,West Bengal,46.84,58.41,27.29,75.58,40.84,19.3,2020,50
IR-O-U-0376,Guru Nanak Dev University,Amritsar,Punjab,46.58,44.31,30.06,77.12,53.04,35.48,2020,51
IR-O-U-0195,University of Jammu,Jammu,Jammu and Kashmir,46.55,64.78,16.33,72.53,45.63,31.47,2020,52
IR-O-U-0448,Bharathidasan University,Tiruchirappalli,Tamil Nadu,46.41,63.49,28.38,50.92,46.57,40.09,2020,53
IR-O-U-0251,Calicut University,Malappuram,Kerala,46.37,66.18,17.39,69.3,53.19,21.21,2020,54
IR-O-U-0389,Banasthali Vidyapith,Banasthali,Rajasthan,46.32,52.72,12.82,85.27,75.87,20.18,2020,55
IR-O-U-0642,Shiv Nadar University,Dadri,Uttar Pradesh,46.11,68.11,16.4,62.82,60.52,21.54,2020,56
IR-O-N-10,SVKM`s Narsee Monjee Institute of Management Studies,Mumbai,Maharashtra,46.01,66.87,12.44,64.13,62.44,31.47,2020,57
IR-O-U-0369,Pondicherry University,Puducherry,Pondicherry,45.82,45.97,28.85,73.14,58.52,28.88,2020,58
IR-O-U-0446,Bharath Institute of Higher Education & Research,Chennai,Tamil Nadu,45.67,59.45,18.56,66.96,66.89,21.87,2020,59
IR-O-U-0463,Madurai Kamaraj University,Madurai,Tamil Nadu,45.58,63.88,26.14,56.9,42.62,29.39,2020,60
IR-O-U-0295,Datta Meghe Institute of Medical Sciences,Wardha,Maharashtra,45.24,73.22,7.13,60.79,59.68,30.0,2020,61
IR-O-U-0253,Cochin University of Science and Technology,Cochin,Kerala,45.02,50.14,27.78,67.84,51.36,29.39,2020,62
IR-O-I-1361,Bharati Vidyapeeth,Pune,Maharashtra,44.84,61.13,12.09,65.73,58.16,39.0,2020,63
IR-O-U-0383,Punjabi University,Patiala,Punjab,44.07,69.36,21.65,50.81,40.34,25.82,2020,64
IR-O-U-0318,Mumbai University,Mumbai,Maharashtra,44.0,48.08,20.84,77.97,53.61,23.79,2020,65
IR-O-U-0202,Birla Institute of Technology,Ranchi,Jharkhand,43.5,56.25,28.71,56.04,52.33,15.66,2020,66
IR-O-U-0345,Mizoram University,Aizawl,Mizoram,43.49,66.0,10.83,67.02,49.9,20.52,2020,67
IR-O-U-0215,Bangalore University,Bangalore,Karnataka,43.33,65.54,13.03,57.99,57.18,24.4,2020,68
IR-O-U-0298,Dr. Babasaheb Ambedkar Marathwada University,Aurangabad,Maharashtra,43.12,47.27,13.99,87.05,52.81,20.52,2020,69
IR-O-U-0225,KLE Academy of Higher Education and Research,Belagavi,Karnataka,43.1,68.29,9.13,52.96,64.65,28.2,2020,70
IR-O-U-0011,Gandhi Institute of Technology and Management,Visakhapatnam,Andhra Pradesh,42.79,53.87,13.61,68.79,56.82,31.11,2020,71
IR-O-U-0458,Kalasalingam Academy of Research and Higher Education,Srivilliputtur,Tamil Nadu,42.57,56.17,17.23,60.48,63.6,20.87,2020,72
IR-O-U-0232,Kuvempu University,Shimoga,Karnataka,42.45,57.57,13.05,71.82,50.29,18.74,2020,73
IR-O-U-0239,NITTE,Mangaluru,Karnataka,42.19,68.71,6.63,52.54,67.93,22.85,2020,74
IR-O-U-0035,Sri Sathya Sai Institute of Higher Learning,Anantapur,Andhra Pradesh,42.08,61.64,2.82,61.47,72.96,31.47,2020,75
IR-O-I-1280,Maharshi Dayanand University,Rohtak,Haryana,41.95,50.79,15.59,71.67,51.24,25.82,2020,76
IR-O-U-0321,Padmashree Dr. D. Y. Patil Vidyapeeth,Mumbai,Maharashtra,41.74,70.13,3.79,60.42,49.67,25.11,2020,77
IR-O-U-0379,Lovely Professional University,Phagwara,Punjab,41.69,57.28,16.44,62.61,67.68,2.87,2020,78
IR-O-U-0014,International Institute of Information Technology Hyderabad,Hyderabad,Telangana,41.69,44.72,31.0,52.29,54.73,30.4,2020,78
IR-O-U-0249,Visvesvaraya Technological University,Belgaum,Karnataka,41.63,60.51,20.9,60.0,49.9,2.18,2020,80
IR-O-U-0121,Goa University,Goa,Goa,41.37,55.98,14.14,65.28,53.0,19.82,2020,81
IR-O-U-0507,Dayalbagh Educational Institute,Agra,Uttar Pradesh,41.21,58.77,3.67,64.95,64.17,30.7,2020,82
IR-O-U-0470,Periyar University,Salem,Tamil Nadu,41.09,50.92,20.45,59.02,50.74,28.09,2020,83
IR-O-U-0051,Dibrugarh University,Dibrugarh,Assam,41.05,61.8,8.95,63.0,49.99,22.2,2020,84
IR-O-U-0223,Jain University,Bengluru,Karnataka,41.03,43.29,16.75,72.52,60.44,24.74,2020,85
IR-O-U-0250,Yenepoya University,Mangaluru,Karnataka,40.99,70.1,8.31,45.02,66.0,18.74,2020,86
IR-O-U-0372,Central University of Punjab,Bathinda,Punjab,40.93,57.49,16.9,50.89,62.39,21.87,2020,87
IR-O-U-0370,Sri Balaji Vidyapeeth Mahatma Gandhi Medical College Campus,Puducherry,Pondicherry,40.92,65.61,7.73,50.84,68.81,18.74,2020,88
IR-O-U-0576,Kalyani University,Kalyani,West Bengal,40.91,39.83,19.63,82.34,46.54,19.47,2020,89
IR-O-C-23033,Krishna Institute of Medical Sciences,Karad,Maharashtra,40.87,68.65,3.95,56.49,60.0,18.0,2020,90
IR-O-U-0453,The Gandhigram Rural Institute,Gandhigram,Tamil Nadu,40.65,55.52,15.4,61.06,50.37,21.21,2020,91
IR-O-U-0569,The University of Burdwan,Bardhaman,West Bengal,40.55,50.28,18.49,66.37,46.69,19.82,2020,92
IR-O-U-0168,Maharishi Markandeshwar,Ambala,Haryana,40.49,53.27,11.81,63.44,56.28,26.45,2020,93
IR-O-U-0162,Guru Jambheshwar University of Science and Technology,Hisar,Haryana,40.43,56.9,14.03,58.74,46.79,27.21,2020,94
IR-O-U-0099,Guru Gobind Singh Indraprastha University,New Delhi,Delhi,40.24,52.23,19.92,64.32,52.87,4.53,2020,95
IR-O-U-0366,Utkal University,Bhubaneswar,Odisha,40.05,42.89,11.5,77.12,44.13,39.0,2020,96
IR-O-U-0555,Graphic Era University,Dehradun,Uttarakhand,40.04,55.59,8.36,61.02,59.78,26.73,2020,97
IR-O-U-0451,Chettinad Academy of Research and Education,Kanchipuram District,Tamil Nadu,39.97,70.68,5.16,48.45,56.63,18.74,2020,98
IR-O-U-0164,Kurukshetra University,Kurukshetra,Haryana,39.79,49.89,9.95,68.15,48.88,33.21,2020,99
IR-O-U-0043,"Vignan's Foundation for Science, Technology & Research",Guntur,Andhra Pradesh,39.71,57.39,8.36,60.6,58.11,20.52,2020,100
IR-O-U-0220,Indian Institute of Science,Bengaluru,Karnataka,82.28,83.16,89.24,78.57,48.47,100.0,2019,1
IR-O-U-0109,Jawaharlal Nehru University,New Delhi,Delhi,68.68,76.75,41.85,99.87,75.87,55.27,2019,2
IR-O-U-0500,Banaras Hindu University,Varanasi,Uttar Pradesh,64.55,69.72,46.48,96.37,57.01,47.28,2019,3
IR-O-U-0042,University of Hyderabad,Hyderabad,Telangana,61.85,74.81,43.78,83.64,58.77,36.71,2019,4
IR-O-U-0570,Calcutta University,Kolkata,West Bengal,60.87,62.26,47.1,91.54,60.14,37.39,2019,5
IR-O-U-0575,Jadavpur University,Kolkata,West Bengal,60.53,54.4,54.89,90.28,44.95,51.83,2019,6
IR-O-U-0439,Anna University,Chennai,Tamil Nadu,60.35,56.39,54.1,78.07,53.16,62.72,2019,7
IR-O-U-0436,Amrita Vishwa Vidyapeetham,Coimbatore,Tamil Nadu,59.22,73.03,43.77,70.28,70.23,31.01,2019,8
IR-O-U-0234,Manipal Academy of Higher Education,Manipal,Karnataka,58.5,77.91,38.31,69.71,66.78,30.21,2019,9
IR-O-U-0323,Savitribai Phule Pune University,Pune,Maharashtra,58.4,69.26,44.42,86.04,54.34,16.55,2019,10
IR-O-U-0496,Aligarh Muslim University,Aligarh,Uttar Pradesh,58.36,76.69,35.38,85.67,57.56,18.46,2019,11
IR-O-U-0108,Jamia Millia Islamia,New Delhi,Delhi,58.07,73.74,32.04,88.53,71.97,14.26,2019,12
IR-O-U-0120,University of Delhi,Delhi,Delhi,57.59,47.87,53.79,87.18,55.4,41.11,2019,13
IR-O-U-0447,Bharathiar University,Coimbatore,Tamil Nadu,57.23,66.93,45.04,76.53,52.11,31.2,2019,14
IR-O-U-0308,Institute of Chemical Technology,Mumbai,Maharashtra,52.62,54.67,48.4,72.61,51.49,20.28,2019,15
IR-O-U-0006,Andhra University,Visakhapatnam,Andhra Pradesh,52.11,69.36,23.16,86.61,55.73,14.55,2019,16
IR-O-U-0304,Homi Bhabha National Institute,Mumbai,Maharashtra,51.95,83.26,25.24,71.18,47.29,4.33,2019,17
IR-O-U-0107,Jamia Hamdard,New Delhi,Delhi,51.73,69.64,29.92,74.12,63.52,6.86,2019,18
IR-O-U-0490,Vellore Institute of Technology,Vellore,Tamil Nadu,51.44,48.7,47.63,66.55,57.02,35.31,2019,19
IR-O-I-1357,University of Madras,Chennai,Tamil Nadu,51.34,64.29,33.28,68.26,54.18,30.01,2019,20
IR-O-U-0078,Panjab University,Chandigarh,Chandigarh,51.25,51.02,44.82,72.5,52.89,27.09,2019,21
IR-O-U-0260,Kerala University,Thiruvananthapuram,Kerala,51.21,74.8,18.84,85.7,51.2,8.59,2019,22
IR-O-U-0391,Birla Institute of Technology & Science,Pilani,Rajasthan,50.53,56.68,34.14,73.06,52.26,34.41,2019,23
IR-O-U-0363,Siksha `O` Anusandhan,Bhubaneswar,Odisha,50.31,72.96,21.17,69.84,61.04,20.02,2019,24
IR-O-U-0523,King George`s Medical University,Lucknow,Uttar Pradesh,49.91,79.82,25.85,61.38,53.38,5.8,2019,25
IR-O-U-0027,Osmania University,Hyderabad,Telangana,49.86,58.2,24.95,92.09,55.68,9.26,2019,26
IR-O-I-1480,Thapar Institute of Engineering and Technology (Deemed-to-be-university),Patiala,Punjab,49.27,62.13,36.3,65.31,56.58,10.24,2019,27
IR-O-U-0435,Alagappa University,Karaikudi,Tamil Nadu,48.54,66.72,22.18,71.17,49.75,26.65,2019,28
IR-O-U-0056,Tezpur University,Tezpur,Assam,48.47,66.92,30.1,63.47,50.99,15.71,2019,29
IR-O-U-0262,Mahatma Gandhi University,Kottayam,Kerala,48.08,66.49,26.97,72.39,51.98,3.58,2019,30
IR-O-U-0356,Kalinga Institute of Industrial Technology,Bhubaneswar,Odisha,47.97,66.01,18.1,71.7,69.38,14.55,2019,31
IR-O-U-0473,SRM Institute of Science and Technology,Chennai,Tamil Nadu,47.8,56.67,26.51,78.07,58.09,14.26,2019,32
IR-O-I-1486,Sri Ramachandra Institute of Higher Education and Research,Chennai,Tamil Nadu,47.34,73.84,16.57,70.49,55.04,6.15,2019,33
IR-O-U-0222,JSS Academy of Higher Education and Research,Mysore,Karnataka,46.97,70.32,15.74,65.48,70.26,10.24,2019,34
IR-O-U-0331,Tata Institute of Social Sciences,Mumbai,Maharashtra,46.82,65.17,9.97,79.76,71.16,12.14,2019,35
IR-O-U-0446,Bharath Institute of Higher Education & Research,Chennai,Tamil Nadu,46.32,68.09,17.76,64.96,72.53,3.19,2019,36
IR-O-U-0589,Visva Bharati,Santiniketan,West Bengal,46.27,60.65,26.07,74.79,41.39,11.52,2019,37
IR-O-U-0554,G. B. Pant Universtiy of Agriculture and Technology,Pantnagar,Uttarakhand,46.09,71.58,15.49,75.65,43.02,5.44,2019,38
IR-O-U-0341,North Eastern Hill University,Shillong,Meghalaya,45.99,67.86,14.53,75.72,54.75,6.51,2019,39
IR-O-U-0476,Shanmugha Arts Science Technology & Research Academy,Thanjavur,Tamil Nadu,45.8,55.55,32.38,65.16,57.13,6.86,2019,40
IR-O-U-0474,Sathyabama Institute of Science and Technology,Chennai,Tamil Nadu,45.58,59.17,27.15,65.86,62.79,2.41,2019,41
IR-O-U-0052,Gauhati University,Guwahati,Assam,45.57,66.09,18.08,74.7,44.24,9.59,2019,42
IR-O-I-1441,Saveetha Institute of Medical and Technical Sciences,Chennai,Tamil Nadu,45.42,69.98,17.64,62.16,67.15,0.0,2019,43
IR-O-U-0485,Tamil Nadu Agricultural University,Coimbatore,Tamil Nadu,45.41,74.72,11.58,69.31,45.1,11.52,2019,44
IR-O-U-0463,Madurai Kamraj University,Madurai,Tamil Nadu,45.2,63.94,28.11,57.1,41.36,20.28,2019,45
IR-O-I-1110,Dr. D. Y. Patil Vidyapeeth,Pune,Maharashtra,45.11,77.38,7.61,62.46,63.71,7.56,2019,46
IR-O-U-0098,Delhi Technological University,New Delhi,Delhi,44.89,55.99,24.33,66.89,54.61,19.51,2019,47
IR-O-U-0369,Pondicherry University,Puducherry,Pondicherry,44.88,47.92,26.63,73.31,59.3,19.25,2019,48
IR-O-U-0037,Sri Venkateswara University,Tirupati,Andhra Pradesh,44.88,62.46,23.6,69.63,44.79,6.51,2019,48
IR-O-U-0020,Koneru Lakshmaiah Education Foundation University (K L College of Engineering),Vaddeswaram,Andhra Pradesh,44.7,67.17,19.07,63.8,57.15,3.58,2019,50
IR-O-U-0381,Punjab Agricultural University,Ludhiana,Punjab,44.66,76.97,19.74,56.22,40.93,3.19,2019,51
IR-O-U-0642,Shiv Nadar University,Dadri,Uttar Pradesh,44.45,69.46,14.05,61.53,64.61,6.15,2019,52
IR-O-U-0196,University of Kashmir,Srinagar,Jammu and Kashmir,44.19,59.82,18.33,79.2,47.36,1.63,2019,53
IR-O-U-0235,Mysore University,Mysore,Karnataka,44.06,57.3,18.15,78.43,52.67,4.7,2019,54
IR-O-U-0376,Guru Nanak Dev University,Amritsar,Punjab,43.69,46.51,29.38,74.72,54.02,5.8,2019,55
IR-O-U-0329,Symbiosis International,Pune,Maharashtra,43.65,70.01,9.43,61.03,72.88,3.19,2019,56
IR-O-N-10,SVKM`s Narsee Monjee Institute of Management Studies,Mumbai,Maharashtra,43.63,68.83,11.68,64.22,65.21,1.22,2019,57
IR-O-U-0497,Amity University,Gautam Budh Nagar,Uttar Pradesh,43.53,50.11,28.3,65.48,61.94,7.22,2019,58
IR-O-U-0202,Birla Institute of Technology,Ranchi,Jharkhand,43.49,54.72,29.47,56.97,44.88,23.47,2019,59
IR-O-U-0448,Bharathidasan University,Tiruchirappalli,Tamil Nadu,43.41,60.74,29.05,48.92,42.77,24.17,2019,60
IR-O-U-0389,Banasthali Vidyapith,Banasthali,Rajasthan,43.22,50.4,11.67,84.87,72.01,4.33,2019,61
IR-O-I-1361,Bharati Vidyapeeth,Pune,Maharashtra,42.89,63.91,11.42,64.49,60.23,13.66,2019,62
IR-O-U-0159,Chaudhary Charan Singh Haryana Agricultural University,Hisar,Haryana,42.36,76.87,6.91,56.41,57.5,2.02,2019,63
IR-O-U-0251,Calicut University,Malappuram,Kerala,42.22,56.32,16.46,71.53,53.45,7.22,2019,64
IR-O-U-0253,Cochin University of Science and Technology,Cochin,Kerala,41.42,47.22,26.88,64.8,47.56,14.84,2019,65
IR-O-U-0099,Guru Gobind Singh Indraprastha University,New Delhi,Delhi,41.21,56.39,18.96,64.62,53.19,3.58,2019,66
IR-O-U-0123,Anand Agricultural University,Anand,Gujarat,41.2,69.48,12.25,59.12,41.45,7.22,2019,67
IR-O-U-0470,Periyar University,Salem,Tamil Nadu,40.99,52.3,20.74,59.13,53.26,19.25,2019,68
IR-O-U-0225,KLE Academy of Higher Education and Research,Belagavi,Karnataka,40.92,71.23,8.73,49.52,66.05,4.33,2019,69
IR-O-U-0239,NITTE,Mangaluru,Karnataka,40.88,70.38,9.31,48.61,66.11,6.51,2019,70
IR-O-U-0487,Tamil Nadu Veterinary & Animal Sciences University,Chennai,Tamil Nadu,40.88,70.98,8.01,62.85,44.12,2.02,2019,70
IR-O-U-0370,Sri Balaji Vidyapeeth Mahatma Gandhi Medical College Campus,Puducherry,Pondicherry,40.87,72.58,7.84,48.89,69.73,0.0,2019,72
IR-O-U-0232,Kuvempu University,Shimoga,Karnataka,40.6,56.65,11.99,70.47,58.44,0.82,2019,73
IR-O-U-0195,University of Jammu,Jammu Tawi,Jammu and Kashmir,40.43,56.5,16.51,70.92,41.52,2.02,2019,74
IR-O-U-0453,The Gandhigram Rural Institute,Gandhigram,Tamil Nadu,40.42,55.7,18.2,62.68,50.9,6.15,2019,75
IR-O-U-0345,Mizoram University,Aizawl,Mizoram,40.27,61.43,8.71,70.15,50.04,2.02,2019,76
IR-O-U-0507,Dayalbagh Educational Institute,Agra,Uttar Pradesh,40.24,62.8,2.71,64.5,65.08,11.83,2019,77
IR-O-U-0036,Sri Venkateswara Institute of Medical Sciences,Tirupati,Andhra Pradesh,40.24,74.13,2.55,60.45,51.11,0.41,2019,77
IR-O-U-0784,Professor Jayashankar Telangana State Agricultural University,Hyderabad,Telangana,40.17,72.87,1.71,67.52,41.43,1.63,2019,79
IR-O-U-0181,Dr. Y. S. Parmar University of Horticulture and Forestry,Solan,Himachal Pradesh,40.07,70.34,5.97,64.58,40.17,2.41,2019,80
IR-O-U-0318,Mumbai University,Mumbai,Maharashtra,40.03,43.87,17.1,79.29,50.92,7.91,2019,81
IR-O-U-0014,International Institute of Information Technology Hyderabad,Hyderabad,Telangana,39.97,48.38,26.62,52.25,54.2,15.99,2019,82
IR-O-U-0246,University of Agricultural Sciences,Dharwad,Karnataka,39.59,66.33,2.54,69.04,49.62,1.63,2019,83
IR-O-U-0011,Gandhi Institute of Technology and Management,Visakhapatnam,Andhra Pradesh,39.42,57.29,11.26,65.26,55.95,2.02,2019,84
IR-O-U-0298,Dr. Babasaheb Ambedkar Marathwada University,Aurangabad,Maharashtra,39.33,47.01,10.66,85.82,44.42,4.33,2019,85
IR-O-U-0051,Dibrugarh University,Dibrugarh,Assam,39.3,62.53,8.88,63.0,47.63,5.07,2019,86
IR-O-U-0233,Mangalore University,Mangalagangotri,Karnataka,39.26,65.49,12.44,53.43,50.34,1.63,2019,87
IR-O-U-0321,Padmashree Dr. D. Y. Patil Vidyapeeth,Mumbai,Maharashtra,39.18,67.03,2.62,63.03,56.29,0.41,2019,88
IR-O-U-0569,The University of Burdwan,Barddhaman,West Bengal,38.98,53.42,20.96,65.73,32.72,2.41,2019,89
IR-O-I-1280,Maharshi Dayanand University,Rohtak,Haryana,38.94,49.34,13.91,74.11,49.05,2.41,2019,90
IR-O-U-0576,Kalyani University,Kalyani,West Bengal,38.85,38.04,20.64,81.63,44.54,4.7,2019,91
IR-O-U-0460,Karunya Institute of Technology and Sciences,Coimbatore,Tamil Nadu,38.79,50.65,15.1,60.81,56.34,12.76,2019,92
IR-O-U-0464,Manonmaniam Sundaranar University,Tirunelveli,Tamil Nadu,38.76,58.11,14.89,54.83,50.65,8.25,2019,93
IR-O-U-0121,Goa University,Goa,Goa,38.76,52.81,14.46,66.29,51.6,1.63,2019,93
IR-O-U-0250,Yenepoya,Mangalore,Karnataka,38.68,72.04,5.75,44.59,63.01,1.22,2019,95
IR-O-U-0372,Central University of Punjab,Bathinda,Punjab,38.68,61.46,13.62,46.73,60.12,7.91,2019,95
IR-O-U-0050,Assam University,Silchar,Assam,38.67,56.32,13.29,63.64,45.81,4.7,2019,97
IR-O-U-0164,Kurukshetra University,Kurukshetra,Haryana,38.6,50.28,10.62,73.97,47.24,8.25,2019,98
IR-O-U-0047,Rajiv Gandhi University,Itanagar,Arunachal Pradesh,38.48,61.4,2.68,66.64,58.93,0.41,2019,99
IR-O-U-0465,Meenakshi Academy of Higher Education and Research,Chennai,Tamil Nadu,38.45,63.85,1.62,66.26,55.61,0.0,2019,100
IR-1-O-O-U-0220,Indian Institute of Science,Bengaluru,Karnataka,82.16,84.54,91.08,75.48,43.7,100.0,2018,1
IR-1-O-O-U-0109,Jawaharlal Nehru University,New Delhi,Delhi,67.57,74.71,42.6,99.12,79.32,46.28,2018,2
IR-3-O-OMD-U-0500,Banaras Hindu University,Varanasi,Uttar Pradesh,63.52,65.15,50.76,95.42,53.13,43.62,2018,3
IR-4-O-OEMA-U-0439,Anna University,Chennai,Tamil Nadu,62.82,57.31,60.76,79.15,52.55,63.22,2018,4
IR-1-O-O-U-0042,University of Hyderabad,Hyderabad,Telangana,60.54,74.36,45.34,84.45,55.71,21.66,2018,5
IR-2-O-OE-U-0575,Jadavpur University,Kolkata,West Bengal,59.68,57.08,57.07,91.39,36.0,35.5,2018,6
IR-1-O-O-U-0120,University of Delhi,Delhi,Delhi,58.69,52.52,58.16,85.14,51.26,33.15,2018,7
IR-1-O-O-U-0436,Amrita Vishwa Vidyapeetham,Coimbatore,Tamil Nadu,58.46,74.05,43.56,71.03,58.27,31.44,2018,8
IR-1-O-O-U-0323,Savitribai Phule Pune University,Pune,Maharashtra,58.24,70.7,43.64,84.55,55.29,15.04,2018,9
IR-7-O-OEMALDC-U-0496,Aligarh Muslim University,Aligarh,Uttar Pradesh,57.78,70.28,36.87,90.56,49.03,26.3,2018,10
IR-1-O-O-U-0234,Manipal Academy of Higher Education,Manipal,Karnataka,57.37,76.05,44.15,61.29,64.23,26.3,2018,11
IR-5-O-OEMAL-U-0108,Jamia Millia Islamia,New Delhi,Delhi,56.18,72.33,33.21,82.27,68.86,11.76,2018,12
IR-1-O-C-U-0447,Bharathiar University,Coimbatore,Tamil Nadu,55.08,65.54,41.7,76.95,52.63,22.63,2018,13
IR-1-O-O-U-0570,Calcutta University,Kolkata,West Bengal,53.38,45.47,50.26,86.81,46.72,26.3,2018,14
IR-1-O-D-U-0523,King George`s Medical University,Lucknow,Uttar Pradesh,52.73,83.08,29.71,62.7,59.66,3.93,2018,15
IR-3-O-OEM-U-0490,Vellore Institute of Technology,Vellore,Tamil Nadu,52.68,50.3,47.42,68.43,60.02,36.71,2018,16
IR-3-O-OEP-U-0391,Birla Institute of Technology & Science,Pilani,Rajasthan,52.15,61.02,35.56,69.33,57.73,35.32,2018,17
IR-1-O-O-I-1357,University of Madras,Chennai,Tamil Nadu,51.52,66.06,33.4,68.6,53.07,26.52,2018,18
IR-3-O-OEP-U-0308,Institute of Chemical Technology,Mumbai,Maharashtra,51.39,53.82,48.52,69.18,52.55,15.9,2018,19
IR-6-O-OEMLDP-U-0078,Panjab University,Chandigarh,Chandigarh,50.94,52.59,44.75,73.16,47.52,23.58,2018,20
IR-1-O-O-U-0446,Bharath Institute of Higher Education & Research,Chennai,Tamil Nadu,50.74,70.22,29.22,63.76,79.16,2.4,2018,21
IR-6-O-OEMALP-U-0006,Andhra University,Visakhapatnam,Andhra Pradesh,50.39,65.98,25.12,83.14,54.75,9.53,2018,22
IR-5-O-OEMDP-U-0107,Jamia Hamdard,New Delhi,Delhi,50.31,67.67,32.29,74.48,52.2,2.01,2018,23
IR-2-O-OD-U-0363,Siksha `O` Anusandhan,Bhubaneswar,Odisha,49.59,74.34,23.4,66.21,63.07,7.17,2018,24
IR-1-O-O-U-0485,Tamil Nadu Agricultural University,Coimbatore,Tamil Nadu,49.22,78.6,12.99,75.58,54.06,12.07,2018,25
IR-1-O-O-U-0304,Homi Bhabha National Institute,Mumbai,Maharashtra,48.98,84.14,14.18,70.13,44.74,9.85,2018,26
IR-1-O-C-U-0435,Alagappa University,Karaikudi,Tamil Nadu,48.25,65.74,22.27,70.4,53.19,24.5,2018,27
IR-1-O-O-U-0027,Osmania University,Hyderabad,Telangana,48.02,55.09,25.9,93.35,44.69,5.76,2018,28
IR-1-O-O-U-0056,Tezpur University,Tezpur,Assam,48.0,66.61,30.54,65.26,47.3,10.82,2018,29
IR-1-O-O-U-0260,Kerala University,Thiruvananthapuram,Kerala,47.72,65.16,19.8,83.76,47.6,7.17,2018,30
IR-1-O-O-U-0589,Visva Bharati,Kolkata,West Bengal,47.62,63.49,27.44,72.24,53.87,5.03,2018,31
IR-1-O-O-U-0331,Tata Institute of Social Sciences,Mumbai,Maharashtra,47.46,68.98,9.77,78.3,71.56,10.18,2018,32
IR-2-O-EM-I-1480,Thapar Institute of Engineering and Technology,Patiala,Punjab,47.11,58.24,34.97,65.36,57.27,3.55,2018,33
IR-1-O-O-U-0554,G. B. Pant Universtiy of Agriculture and Technology,Pantnagar,Uttarakhand,46.56,72.14,15.04,75.45,48.16,5.03,2018,34
IR-1-O-O-U-0262,Mahatma Gandhi University,Kottayam,Kerala,46.56,64.21,22.89,72.84,51.76,6.82,2018,34
IR-4-O-OEML-U-0476,Shanmugha Arts Science Technology & Research Academy,Thanjavur,Tamil Nadu,46.33,53.44,34.57,64.43,58.95,11.45,2018,36
IR-2-O-OP-U-0222,JSS Academy of Higher Education and Research,Mysore,Karnataka,45.76,69.0,17.24,61.89,68.65,6.47,2018,37
IR-1-O-O-U-0381,Punjab Agricultural University,Ludhiana,Punjab,45.56,80.46,19.35,54.02,42.72,5.4,2018,38
IR-1-O-O-U-0052,Gauhati University,Guwahati,Assam,45.44,64.91,19.8,74.9,44.44,6.11,2018,39
IR-3-O-ODP-I-1486,Sri Ramachandra Medical College and Research Institute,Chennai,Tamil Nadu,45.29,76.9,19.5,51.41,55.1,5.76,2018,40
IR-5-O-OEMDP-U-0473,SRM Institute of Science and Technology,Chennai,Tamil Nadu,45.17,56.87,28.54,64.68,57.57,8.53,2018,41
IR-5-O-OEMLD-U-0356,Kalinga Institute of Industrial Technology,Bhubaneswar,Odisha,44.81,57.32,22.53,69.57,65.94,3.55,2018,42
IR-5-O-OEMAP-U-0202,Birla Institute of Technology,Ranchi,Jharkhand,44.71,57.73,29.45,61.31,52.43,10.5,2018,43
IR-1-O-O-U-0329,Symbiosis International,Pune,Maharashtra,44.62,69.88,12.46,60.9,71.23,6.11,2018,44
IR-4-O-OEMA-U-0474,Sathyabama Institute of Science and Technology,Chennai,Tamil Nadu,44.34,52.38,29.43,65.31,63.14,4.3,2018,45
IR-2-O-OD-I-1441,Saveetha Institute of Medical and Technical Sciences,Chennai,Tamil Nadu,44.0,65.4,18.67,60.34,63.92,3.17,2018,46
IR-1-O-O-U-0196,University of Kashmir,Srinagar,Jammu and Kashmir,43.96,62.39,20.08,77.61,36.99,0.0,2018,47
IR-1-O-O-U-0642,Shiv Nadar University,Chithera,Uttar Pradesh,43.68,69.21,12.55,60.17,71.18,0.0,2018,48
IR-2-O-OE-U-0037,Sri Venkateswara University,Tirupati,Andhra Pradesh,43.44,60.43,25.94,61.66,50.03,2.01,2018,49
IR-1-O-O-U-0159,Chaudhary Charan Singh Haryana Agricultural University,Hisar,Haryana,43.21,78.3,8.04,65.06,41.03,2.01,2018,50
IR-3-O-OML-U-0195,University of Jammu,Jammu Tawi,Jammu and Kashmir,43.19,65.22,18.9,69.46,39.44,1.22,2018,51
IR-2-O-OD-I-1110,Dr. D. Y. Patil Vidyapeeth,Pune,Maharashtra,43.15,76.37,8.25,56.74,62.9,1.22,2018,52
IR-6-O-OEMALP-U-0497,Amity University,Gautam Budh Nagar,Uttar Pradesh,42.99,48.75,30.1,62.95,62.11,5.4,2018,53
IR-1-O-O-U-0463,Madurai Kamraj University,Madurai,Tamil Nadu,42.98,61.57,28.03,49.87,45.12,16.18,2018,54
IR-6-O-OEMAPC-N-10,SVKM`s Narsee Monjee Institute of Management Studies,Mumbai,Maharashtra,42.8,65.29,12.61,63.9,65.69,0.81,2018,55
IR-2-O-EM-U-0020,Koneru Lakshmaiah Education Foundation University,Vaddeswaram,Andhra Pradesh,42.78,65.81,15.23,62.65,59.43,0.0,2018,56
IR-1-O-O-U-0225,KLE Academy of Higher Education and Research,Belagavi,Karnataka,42.76,74.67,11.37,50.08,66.52,2.79,2018,57
IR-1-O-O-U-0246,University of Agricultural Sciences,Dharwad,Karnataka,42.55,73.71,2.64,70.63,54.04,1.22,2018,58
IR-3-O-OEM-U-0369,Pondicherry University,Puducherry,Pondicherry,42.36,46.64,26.49,69.92,49.6,14.76,2018,59
IR-1-O-O-U-0376,Guru Nanak Dev University,Amritsar,Punjab,42.36,44.09,31.78,70.3,48.22,7.17,2018,59
IR-1-O-O-U-0341,North Eastern Hill University,Shillong,Meghalaya,42.34,64.85,13.43,70.21,43.1,5.03,2018,61
IR-1-O-D-U-0036,Sri Venkateswara Institute of Medical Sciences,Tirupati,Andhra Pradesh,42.33,77.09,3.0,64.64,53.34,0.41,2018,62
IR-2-O-OE-U-0507,Dayalbagh Educational Institute,Agra,Uttar Pradesh,41.95,64.14,5.05,69.03,61.36,12.38,2018,63
IR-4-O-OEMP-U-0389,Banasthali Vidyapith,Banasthali,Rajasthan,41.88,47.08,14.16,82.05,66.66,4.3,2018,64
IR-1-O-O-U-0487,Tamil Nadu Veterinary & Animal Sciences University,Chennai,Tamil Nadu,41.73,74.76,7.95,58.9,47.51,3.93,2018,65
IR-1-O-O-I-1361,Bharati Vidyapeeth,Pune,Maharashtra,41.71,58.92,16.06,61.04,55.26,14.76,2018,66
IR-1-O-O-U-0448,Bharathidasan University,Tiruchirappalli,Tamil Nadu,41.63,57.01,29.21,48.45,34.45,26.3,2018,67
IR-1-O-O-U-0121,Goa University,Goa,Goa,40.66,59.83,13.77,66.09,51.58,2.01,2018,68
IR-1-O-O-U-0253,Cochin University of Science and Technology,Cochin,Kerala,40.53,47.72,24.36,62.94,44.19,18.88,2018,69
IR-2-O-OE-U-0098,Delhi Technological University,New Delhi,Delhi,40.52,47.77,24.12,62.86,48.83,15.04,2018,70
IR-1-O-O-U-0181,Dr. Y. S. Parmar University of Horticulture and Forestry,Solan,Himachal Pradesh,40.3,70.9,5.81,64.86,41.18,2.01,2018,71
IR-1-O-D-U-0370,Sri Balaji Vidyapeeth Mahatma Gandhi Medical College Campus,Puducherry,Pondicherry,40.25,70.72,7.06,49.79,69.45,0.0,2018,72
IR-1-O-O-U-0251,Calicut University,Malappuram,Kerala,40.06,56.36,12.73,68.89,49.73,5.76,2018,73
IR-5-O-OEMAL-U-0099,Guru Gobind Singh Indraprastha University,New Delhi,Delhi,40.05,53.28,18.11,65.25,53.47,2.4,2018,74
IR-1-O-O-U-0568,Bidhan Chandra Krishi Vishwavidyalaya,Nadia,West Bengal,39.98,72.48,8.14,64.4,28.42,0.81,2018,75
IR-1-O-O-I-1280,Maharshi Dayanand University,Rohtak,Haryana,39.87,48.82,19.25,72.88,47.64,1.22,2018,76
IR-1-O-O-U-0239,NITTE,Mangalore,Karnataka,39.7,67.62,7.8,46.46,69.28,8.53,2018,77
IR-1-O-O-U-0232,Kuvempu University,Shimoga,Karnataka,39.68,60.06,12.27,69.76,39.51,0.81,2018,78
IR-1-O-O-U-0453,The Gandhigram Rural Institute,Gandhigram,Tamil Nadu,39.5,52.93,17.73,59.9,52.67,10.5,2018,79
IR-5-O-OEMLP-U-0164,Kurukshetra University,Kurukshetra,Haryana,39.45,52.32,14.93,76.33,36.14,3.93,2018,80
IR-1-O-O-U-0345,Mizoram University,Aizwal,Mizoram,39.36,62.55,8.03,66.17,48.71,0.81,2018,81
IR-1-O-O-U-0784,Professor Jayashankar Telangana State Agricultural University,Hyderabad,Telangana,39.3,73.68,1.96,60.82,44.55,0.0,2018,82
IR-1-O-O-U-0123,Anand Agricultural University,Anand,Gujarat,39.21,69.56,11.4,57.84,28.11,5.4,2018,83
IR-1-O-O-U-0051,Dibrugarh University,Dibrugarh,Assam,39.13,62.45,9.6,61.99,48.38,2.79,2018,84
IR-1-O-O-U-0011,Gandhi Institute of Technology and Management,Visakhapatnam,Andhra Pradesh,39.02,50.07,16.7,64.9,58.05,2.01,2018,85
IR-1-O-O-U-0576,Kalyani University,Kalyani,West Bengal,38.87,40.42,21.59,79.78,39.81,3.17,2018,86
IR-1-O-O-U-0050,Assam University,Silchar,Assam,38.79,58.62,14.42,62.29,41.69,2.4,2018,87
IR-2-O-OD-U-0465,Meenakshi Academy of Higher Education and Research,Chennai,Tamil Nadu,38.7,70.09,3.89,54.46,55.32,0.81,2018,88
IR-3-O-OEM-U-0460,Karunya Institute of Technology and Sciences,Coimbatore,Tamil Nadu,38.61,48.66,16.63,62.03,55.95,10.18,2018,89
IR-1-O-O-U-0470,Periyar University,Salem,Tamil Nadu,38.58,52.03,20.17,59.32,46.27,4.3,2018,90
IR-1-O-O-U-0360,Orissa University of Agriculture & Technology,Khordha,Odisha,38.55,65.34,5.77,63.49,44.41,0.81,2018,91
IR-2-O-OD-U-0250,Yenepoya,Mangalore,Karnataka,38.53,72.52,4.92,41.28,69.87,0.41,2018,92
IR-1-O-O-U-0035,Sri Sathya Sai Institute of Higher Learning,Anantapur,Andhra Pradesh,38.53,58.9,4.18,61.69,71.09,1.62,2018,92
IR-1-O-O-U-0146,Nirma University,Ahmedabad,Gujarat,38.15,53.65,11.77,61.45,54.83,7.51,2018,94
IR-1-O-O-U-0347,Nagaland University,Zunheboto,Nagaland,38.14,68.12,1.16,64.87,43.41,0.41,2018,95
IR-1-O-O-U-0569,The University of Burdwan,Barddhaman,West Bengal,37.68,51.36,21.23,64.62,27.42,2.4,2018,96
IR-1-O-D-U-0294,D. Y. Patil Educational Society,Kolhapur,Maharashtra,37.61,67.68,4.3,51.69,56.82,0.0,2018,97
IR-1-O-E-U-0014,International Institute of Information Technology,Hyderabad,Telangana,37.52,44.31,21.73,56.78,54.58,8.87,2018,98
IR-3-O-OEM-U-0733,PES University,Bengaluru,Karnataka,37.51,54.21,9.28,60.17,61.18,3.17,2018,99
IR-2-O-OE-U-0522,Jaypee Institute of Information Technology,Noida,Uttar Pradesh,37.47,43.19,17.57,60.5,53.04,18.35,2018,100
IR17-I-2-18243,Indian Institute of Science Bangalore,Bengaluru,Karnataka,83.28,83.11,87.59,87.97,61.48,83.33,2017,1
IR17-I-2-1-319,Jawaharlal Nehru University,New Delhi,Delhi,61.53,62.11,33.96,98.71,82.4,47.27,2017,2
IR17-I-2-18500,Banaras Hindu University,Varanasi,Uttar Pradesh,58.92,47.85,49.96,94.36,62.97,44.01,2017,3
IR17-I-2-30673,Jawaharlal Nehru Centre for Advanced Scientific Research,Bengaluru,Karnataka,58.25,78.28,51.93,68.79,47.44,6.92,2017,4
IR17-I-2-10326,Jadavpur University,Kolkata,West Bengal,57.32,48.64,54.09,91.42,53.37,28.81,2017,5
IR17-I-2-18292,Anna University,Chennai,Tamil Nadu,56.5,46.25,54.58,79.31,60.01,43.94,2017,6
IR17-I-2-1-2813521158,University of Hyderabad,Hyderabad,Telangana,56.3,57.3,42.77,78.79,78.13,27.06,2017,7
IR17-I-2-18552,University of Delhi,Delhi,Delhi,55.37,43.48,56.61,82.06,58.6,30.76,2017,8
IR17-I-2-18267,Amrita Vishwa Vidyapeetham,Coimbatore,Tamil Nadu,54.7,62.9,39.49,65.77,82.17,26.12,2017,9
IR17-I-2-1-618,Savitribai Phule Pune University,Pune,Maharashtra,52.81,56.39,35.03,85.13,72.26,11.2,2017,10
IR17-I-2-18189,Aligarh Muslim University,Aligarh,Uttar Pradesh,52.74,58.56,36.2,87.43,51.55,16.62,2017,11
IR17-I-2-1-2814289415,Jamia Millia Islamia,New Delhi,Delhi,51.75,58.98,27.99,81.63,83.55,9.73,2017,12
IR17-I-2-18599,Birla Institute of Technology & Science -Pilani,Pilani,Rajasthan,51.46,54.83,31.26,73.88,58.5,49.96,2017,13
IR17-I-2-18572,Vellore Institute of Technology,Vellore,Tamil Nadu,51.36,41.65,42.87,75.57,75.99,32.95,2017,14
IR17-I-2-1-243,Indian Agricultural Research Institute,New Delhi,Delhi,51.2,58.22,33.6,74.11,76.79,11.52,2017,15
IR17-I-2-18606,Calcutta University,Kolkata,West Bengal,48.9,36.34,44.1,95.76,39.02,17.15,2017,16
IR17-I-2-15598,Tamil Nadu Agricultural University,Coimbatore,Tamil Nadu,48.84,77.67,12.56,75.33,63.48,3.53,2017,17
IR17-I-2-18364,Manipal Academy of Higher Education-Manipal,Manipal,Karnataka,48.27,64.76,29.31,58.66,55.51,27.67,2017,18
IR17-I-2-18581,Visva Bharati,Kolkata,West Bengal,48.19,53.56,25.23,86.74,67.26,4.71,2017,19
IR17-I-2-1-624,Siksha`O` Anusandhan University,Bhubaneswar,Odisha,46.72,63.31,17.17,66.02,78.18,15.57,2017,20
IR17-I-2-18230,Homi Bhabha National Institute,Mumbai,Maharashtra,46.45,79.17,8.75,66.98,58.08,8.7,2017,21
IR17-I-2-18559,Bharath Institute of Higher Education & Research,Chennai,Tamil Nadu,46.45,59.33,23.12,63.42,86.49,3.79,2017,21
IR17-I-2-18414,Osmania University,Hyderabad,Telangana,45.52,46.63,20.56,91.98,58.41,11.16,2017,23
IR17-I-1-30713,"Punjab Agricultural University, Ludhiana",Ludhiana,Punjab,44.99,77.94,16.51,57.2,48.44,3.83,2017,24
IR17-I-2-18261,Institute of Chemical Technology,Mumbai,Maharashtra,44.95,41.33,36.82,69.31,55.73,20.69,2017,25
IR17-I-2-17784,Jamia Hamdard,New Delhi,Delhi,44.84,52.44,27.86,73.99,57.57,1.87,2017,26
IR17-I-2-30702,Gauhati University,Guwahati,Assam,44.42,50.65,16.84,89.89,59.41,2.48,2017,27
IR17-I-2-18567,Bharathiar University,Coimbatore,Tamil Nadu,44.29,45.67,35.58,63.73,62.6,9.11,2017,28
IR17-I-2-18317,Kerala University,Thiruvananthapuram,Kerala,43.95,50.61,14.62,89.18,64.47,0.89,2017,29
IR17-I-2-10563,Tezpur University,Tezpur,Assam,43.78,51.89,28.83,62.76,63.05,7.09,2017,30
IR17-I-1-700,TATA Institute of Social Sciences,Mumbai,Maharashtra,43.71,51.92,6.59,76.5,85.16,23.31,2017,31
IR17-I-2-18477,Shanmugha Arts Science Technology & Research Academy (SASTRA),Thanjavur,Tamil Nadu,43.5,43.1,31.09,68.04,65.18,11.1,2017,32
IR17-I-2-1-2814248400,Panjab University,Chandigarh,Chandigarh,43.13,36.7,40.79,66.18,47.4,18.99,2017,33
IR17-I-2-1-596,S.R.M Institute of Science and Technology,Chennai,Tamil Nadu,43.07,45.8,25.07,64.33,78.65,10.8,2017,34
IR17-I-1-1-249,Indian Institute of Space Science and Technology,Thiruvananthapuram,Kerala,43.06,69.46,11.63,51.78,70.33,13.45,2017,35
IR17-I-2-1-457,Mysore University,Mysore,Karnataka,42.83,41.59,20.1,93.17,53.51,3.44,2017,36
IR17-I-2-18424,Pondicherry University,Puducherry,Pondicherry,42.7,44.07,26.33,72.73,65.61,4.67,2017,37
IR17-I-2-1-697,Tamil Nadu Veterinary & Animal Sciences University,Chennai,Tamil Nadu,42.48,75.08,6.36,61.11,57.5,0.67,2017,38
IR17-I-2-1-661,Sri Ramachandra University,Chennai,Tamil Nadu,42.46,68.16,14.1,47.94,73.02,8.86,2017,39
IR17-I-2-18276,Anand Agricultural University,Anand,Gujarat,42.26,72.99,5.89,70.24,42.67,2.75,2017,40
IR17-I-2-18341,University of Madras,Chennai,Tamil Nadu,41.85,44.22,29.26,62.26,62.75,10.82,2017,41
IR17-I-2-1-668,Sri Venkateswara University,Tirupati,Andhra Pradesh,41.48,45.88,24.43,68.72,64.57,1.94,2017,42
IR17-I-2-1-31,Andhra University,Visakhapatnam,Andhra Pradesh,41.38,40.32,18.59,80.31,55.75,20.72,2017,43
IR17-I-2-18472,Sathyabama Institute of Science and Technology,Chennai,Tamil Nadu,41.3,42.32,22.17,65.64,77.13,11.08,2017,44
IR17-I-2-1-299,Jagadguru Sri Shivarathreeshwara University,Mysore,Karnataka,41.18,55.34,10.32,61.55,76.67,14.99,2017,45
IR17-I-2-1-2813959492,Thapar University,Patiala,Punjab,40.78,39.35,29.05,70.16,49.1,13.17,2017,46
IR17-I-2-30671,Dr. D. Y. Patil Vidyapeeth Pune,Pune,Maharashtra,40.59,64.52,4.9,60.27,65.47,11.61,2017,47
IR17-I-2-18409,North Eastern Hill University,Shillong,Meghalaya,40.51,53.99,11.83,71.52,61.35,3.24,2017,48
IR17-I-2-1-336,Kalinga Institute of Industrial Technology,Bhubaneswar,Odisha,40.47,46.39,12.75,68.53,69.17,20.95,2017,49
IR17-I-2-18214,Guru Angad Dev Veterinary & Animal Sciences University,Ludhiana,Punjab,40.1,71.99,10.08,56.99,40.19,0.59,2017,50
IR17-I-2-1-178,Dr. Y.S.Parmar University of Horticulture & Forestry,Solan,Himachal Pradesh,39.54,68.64,4.39,65.58,44.54,0.64,2017,51
IR17-I-2-18259,AMITY University,Gautam Budh Nagar,Uttar Pradesh,39.17,38.5,23.36,63.06,61.86,18.06,2017,52
IR17-I-2-18508,Banasthali Vidyapith,Banasthali,Rajasthan,38.74,37.11,9.99,82.16,74.26,7.46,2017,53
IR17-I-2-18580,Bharati Vidyapeeth,Pune,Maharashtra,38.73,48.43,12.95,55.18,62.17,30.64,2017,54
IR17-I-2-18474,Saveetha Institute of Medical and Technical Sciences,Chennai,Tamil Nadu,38.68,51.11,11.81,57.85,76.63,5.81,2017,55
IR17-I-2-1-33,Annamalai University,Annamalainagar,Tamil Nadu,38.59,39.03,26.87,68.64,47.19,3.67,2017,56
IR17-I-2-18607,Calicut University,Calicut,Kerala,38.45,50.3,8.81,72.68,57.08,4.74,2017,57
IR17-I-2-1-448,Mizoram University,Aizwal,Mizoram,38.36,52.31,5.27,70.52,69.93,0.03,2017,58
IR17-I-2-1-373,Kurukshetra University,Kurushetra,Haryana,38.26,43.43,13.44,79.64,50.37,2.33,2017,59
IR17-I-2-10933,Shiv Nadar University,Chithera,Uttar Pradesh,37.95,59.15,9.43,47.7,73.23,5.24,2017,60
IR17-I-2-21078,Symbiosis International University,Pune,Maharashtra,37.67,44.8,8.92,60.44,80.33,14.31,2017,61
IR17-I-2-1-N002,KLE Academy of Higher Education and Research,Belagavi,Karnataka,37.25,64.13,4.9,49.61,65.54,0.69,2017,62
IR17-I-2-1-2809340824,University of Jammu,Jammu Tawi,Jammu And Kashmir,37.23,44.96,17.36,71.1,42.5,0.59,2017,63
IR17-I-2-18200,Goa University-Goa,Goa,Goa,37.16,43.69,11.65,68.15,64.16,5.09,2017,64
IR17-I-2-1-11112,Vel Tech Rangarajan Dr.Sagunthala R&D Institute of Science and Technology,Chennai,Tamil Nadu,37.13,45.32,20.13,43.86,72.48,14.69,2017,65
IR17-I-2-18305,Kalyani University,Kalyani,West Bengal,36.84,34.93,20.54,79.69,42.61,0.02,2017,66
IR17-I-2-18356,Mahatma Gandhi Unversity,Kottayam,Kerala,36.79,39.81,15.3,73.72,52.78,2.43,2017,67
IR17-I-2-18446,Rajasthan University of Veterinary & Animal Sciences,Bikaner,Rajasthan,36.78,58.97,1.52,61.19,63.32,0.6,2017,68
IR17-I-2-1-663,Sri Sathya Sai Institute of Higher Learning,Anantapur,Andhra Pradesh,36.75,53.99,3.64,61.44,70.84,0.94,2017,69
IR17-I-2-1-445,Meenakshi Academy of Higher Education and Research,Chennai,Tamil Nadu,36.47,56.87,2.75,59.66,66.49,0.09,2017,70
IR17-I-2-18312,Karunya Institute of Technology and Sciences-Coimbatore,Coimbatore,Tamil Nadu,36.44,38.08,14.77,60.31,77.36,7.82,2017,71
IR17-I-2-1-2812766280,Dayalbagh Educational Institute,Agra,Uttar Pradesh,36.36,51.44,6.21,46.9,81.21,15.65,2017,72
IR17-I-2-1-351,University of Kashmir,Srinagar,Jammu And Kashmir,36.32,47.85,16.74,66.95,35.44,0.1,2017,73
IR17-I-2-1-159,Dibrugarh University,Dibrugarh,Assam,36.28,43.38,8.35,69.95,66.98,0.68,2017,74
IR17-I-2-18406,Nirma University,Ahmedabad,Gujarat,36.21,41.98,9.96,64.47,63.01,14.37,2017,75
IR17-I-2-18449,Rajiv Gandhi University,Rono Hills,Arunachal Pradesh,36.15,54.28,3.43,56.43,74.78,0.57,2017,76
IR17-I-2-18342,Madurai Kamraj University,Madurai,Tamil Nadu,36.04,43.14,25.87,47.93,54.17,3.33,2017,77
IR17-I-2-1-670,Sri Venkateswara Veterinary University,Tirupati,Andhra Pradesh,35.92,60.66,1.04,61.23,51.62,0.05,2017,78
IR17-I-2-1-570,Rajasthan University,Jaipur,Rajasthan,35.85,25.62,16.98,89.05,51.99,0.64,2017,79
IR17-I-2-18110,Guru Nanak Dev University,Amritsar,Punjab,35.83,28.85,25.31,72.44,46.25,4.65,2017,80
IR17-I-2-1-321,Jaypee Institute of Information Technology,Noida,Uttar Pradesh,35.69,35.72,13.91,62.84,78.44,3.91,2017,81
IR17-I-2-12969,Guru Gobind Singh Indraprastha University,Dwarka,Delhi,35.6,42.18,14.29,58.33,66.52,3.37,2017,82
IR17-I-2-1-653,Sri Balaji Vidyapeeth Mahatma Gandhi Medical College Campus,Puducherry,Pondicherry,35.5,60.12,4.67,35.08,86.23,4.34,2017,83
IR17-I-2-18407,NITTE University,Mangalore,Karnataka,35.5,56.23,4.89,46.39,74.89,3.95,2017,83
IR17-I-2-18422,Periyar University,Salem,Tamil Nadu,35.44,38.13,17.6,59.46,62.4,5.85,2017,85
IR17-I-2-18161,Cochin University of Science and Technology,Cochin,Kerala,35.42,40.34,16.39,62.76,56.64,1.89,2017,86
IR17-I-2-15640,Vidyasagar University,Midnapore,West Bengal,35.23,35.35,14.01,73.13,57.86,0.03,2017,87
IR17-I-2-30492,Bharathidasan University,Tiruchirappalli,Tamil Nadu,35.14,39.08,27.22,46.39,51.66,8.03,2017,88
IR17-I-2-1-2812182676,Gandhi Institute of Technology and Management (GITAM),Visakhapatnam,Andhra Pradesh,35.09,44.03,8.2,59.86,59.22,15.35,2017,89
IR17-I-2-18311,Karpagam Academy of Higher Education,Coimbatore,Tamil Nadu,34.86,50.69,8.94,51.21,63.92,3.39,2017,90
IR17-I-2-12265,The Gandhigram Rural Institute - Deemed University,Gandhigram,Tamil Nadu,34.56,39.88,15.06,58.14,57.62,6.91,2017,91
IR17-I-2-277952,Assam University-Silchar,Silchar,Assam,34.38,45.75,12.09,56.02,52.53,5.65,2017,92
IR17-I-2-18296,Jaypee University of Information Technology-Solan,Solan,Himachal Pradesh,34.14,33.76,13.92,60.56,74.6,2.61,2017,93
IR17-I-2-1-541,PES University,Bengaluru,Karnataka,33.94,42.31,5.84,60.61,60.1,13.75,2017,94
IR17-I-2-18551,University of Allahabad,Allahabad,Uttar Pradesh,33.86,22.61,17.9,77.84,58.61,2.84,2017,95
IR17-I-2-1-N001,Sri Krishnadevaraya University,Anantapur,Andhra Pradesh,33.76,34.29,7.72,77.37,56.81,0.04,2017,96
IR17-I-2-18168,Alagappa University,Karaikudi,Tamil Nadu,33.66,38.56,18.92,49.32,61.29,4.17,2017,97
IR17-I-2-18385,Narsee Monjee Institute of Management Studies -Mumbai,Mumbai,Maharashtra,33.6,40.46,8.45,63.88,55.34,6.1,2017,98
IR17-I-1-18289,Jawaharlal Nehru Technological University,Kakinada,Andhra Pradesh,33.44,36.81,14.03,60.18,57.19,4.32,2017,99
IR17-I-2-1-57,B.S. Abdur Rahman Institute of Science and Technology,Chennai,Tamil Nadu,32.99,42.56,6.33,56.98,63.08,6.07,2017,100
